{"placeholder": {"modified_time": 1665317600.0}, "helpdesk_mgmt": {"modified_time": 1751266889.2825944}, "web_search_with_and": {"modified_time": 1751266889.3087013}, "ps_product_categorization": {"modified_time": 1751965046.2218475}, "product_barcode": {"modified_time": 1751266889.2835524}, "ps_ticket_previo": {"modified_time": 1751266889.3077126}, "ps_botonera_contacto": {"modified_time": 1751266889.3049614}, "product_bundle_pack": {"modified_time": 1752217791.8463469}, "ps_sale_improvements": {"modified_time": 1751961945.72361}, "ps_purchase_approve_date_always_editable": {"modified_time": 1752052203.1491466}, "audio_transcription_module": {"modified_time": 1752217791.7667108}, "ps_ventas_addon": {"modified_time": 1751266889.3083506}, "ps_purchase_discounts": {"modified_time": 1752054502.3126602}, "ps_ticket_rel_almacen": {"modified_time": 1751266889.3080752}, "contact_extra_pages": {"modified_time": 1751266889.2774668}, "ps_custom_contrato": {"modified_time": 1751266889.3058293}, "project_task_custom_fields": {"modified_time": 1751266889.3047764}, "ps_confirm_wizard": {"modified_time": 1751266889.305194}, "ps_ticket_almacen_campos": {"modified_time": 1751875346.364656}, "ps_show_sale_project": {"modified_time": 1752227805.102652}, "ps_show_purchase_project": {"modified_time": 1752221578.495568}, "ps_product_multi_discounts": {"modified_time": 1752052203.1421463}, "ps_contact_name_wide": {"modified_time": 1751266889.3053825}}